{
  "train": {
    "accuracy": 0.54695,
    "loss": 1.2760797190666198,
    "mse": 0.0,
    "r2": 0.0
  },
  "val": {
    "accuracy": 0.5327,
    "loss": 1.3007010650482906,
    "mse": 0.0,
    "r2": 0.0
  }
}