{
  "train_mse": 1.039102554321289,
  "train_r2": -1.067296028137207,
  "val_mse": 0.015187683515250683,
  "val_r2": 0.9713679552078247
}